search,Title,Price,Sale,URL
camera,Polaroid Digital Instant Camera Model POP In Case,96.0,"Discount:
(20% OFF)",https://www.goodwillfinds.com//electronics/cameras-and-photography/film-and-polaroid-cameras/polaroid-digital-instant-camera-model-pop-in-case/10011-0000-555695.html
camera,Vintage Camera Spectra AF Film Camera,16.0,"Discount:
(20% OFF)",https://www.goodwillfinds.com//electronics/cameras-and-photography/film-and-polaroid-cameras/vintage-camera-spectra-af-film-camera/10011-0000-547539.html
camera,Minolta Camera,69.99,N/A,https://www.goodwillfinds.com//electronics/cameras-and-photography/film-and-polaroid-cameras/minolta-camera/10011-0001-7803.html
camera,Lot of 3 Assorted 35mm Underwater Cameras & Camera Housing,19.99,N/A,https://www.goodwillfinds.com//electronics/cameras-and-photography/film-and-polaroid-cameras/lot-of-3-assorted-35mm-underwater-cameras-and-camera-housing/10014-0001-25527.html
camera,Phenix DC303K Camera Film Camera For Parts/Repair,33.99,N/A,https://www.goodwillfinds.com//electronics/cameras-and-photography/film-and-polaroid-cameras/phenix-dc303k-camera-film-camera-for-parts%2Frepair/10012-0000-233326.html
camera,Camera w/ Assorted Camera Lenses In Leather Cases,120.99,N/A,https://www.goodwillfinds.com//electronics/cameras-and-photography/film-and-polaroid-cameras/camera-w%2F-assorted-camera-lenses-in-leather-cases/10011-0000-527366.html
camera,Action Camera IOB,25.0,N/A,https://www.goodwillfinds.com//electronics/cameras-and-photography/digital-cameras/action-camera-iob/10011-0000-482611.html
camera,Canon Rebel Camera,95.0,N/A,https://www.goodwillfinds.com//electronics/cameras-and-photography/digital-cameras/canon-rebel-camera/10011-0000-519718.html
camera,RICOH MIRAI AF 35mm SLR CAMERA 38-105mm ZOOM Camera,19.99,N/A,https://www.goodwillfinds.com//electronics/cameras-and-photography/film-and-polaroid-cameras/ricoh-mirai-af-35mm-slr-camera-38-105mm-zoom-camera/10014-0001-18102.html
camera,Pentax Film Camera,70.0,N/A,https://www.goodwillfinds.com//electronics/cameras-and-photography/film-and-polaroid-cameras/pentax-film-camera/10011-0000-519721.html
camera,Nikon Film Camera,74.5,N/A,https://www.goodwillfinds.com//electronics/cameras-and-photography/film-and-polaroid-cameras/nikon-film-camera/10011-0000-511990.html
camera,MINOLTA Camera In Bag,50.0,N/A,https://www.goodwillfinds.com//electronics/cameras-and-photography/film-and-polaroid-cameras/minolta-camera-in-bag/10011-0001-13084.html
camera,Sony Cybershot Camera DSC-F717 Digital Camera Silver,40.49,"Discount:
(5% OFF)",https://www.goodwillfinds.com//electronics/cameras-and-photography/digital-cameras/sony-cybershot-camera-dsc-f717-digital-camera-silver/10012-0000-234187.html
camera,Wimius Camera,28.0,"Discount:
(20% OFF)",https://www.goodwillfinds.com//electronics/cameras-and-photography/digital-cameras/wimius-camera/10011-0000-557577.html
camera,Unbranded Trail Camera Camera,35.01,N/A,https://www.goodwillfinds.com//electronics/cameras-and-photography/accessories/unbranded-trail-camera-camera/10024-0001-0047.html
camera,Minolta XG-7 35mm Film Camera Camera Body For Parts/Repair,17.0,N/A,https://www.goodwillfinds.com//electronics/cameras-and-photography/film-and-polaroid-cameras/minolta-xg-7-35mm-film-camera-camera-body-for-parts%2Frepair/10012-0000-233343.html
camera,Sony CyberShot 3.2MP Digital Camera W/ Camera Bag,21.99,N/A,https://www.goodwillfinds.com//electronics/cameras-and-photography/digital-cameras/sony-cybershot-3.2mp-digital-camera-w%2F-camera-bag/10011-0001-17637.html
camera,Polaroid Camera,40.0,"Discount:
(20% OFF)",https://www.goodwillfinds.com//electronics/cameras-and-photography/film-and-polaroid-cameras/polaroid-camera/10011-0000-584167.html
camera,Polaroid Camera,40.0,"Discount:
(20% OFF)",https://www.goodwillfinds.com//electronics/cameras-and-photography/film-and-polaroid-cameras/polaroid-camera/10011-0000-584158.html
camera,Vintage Sears TLS Cameras,64.0,"Discount:
(20% OFF)",https://www.goodwillfinds.com//electronics/cameras-and-photography/film-and-polaroid-cameras/vintage-sears-tls-cameras/10011-0000-558272.html
camera,Vintage Canon Film Camera,116.0,"Discount:
(20% OFF)",https://www.goodwillfinds.com//electronics/cameras-and-photography/film-and-polaroid-cameras/vintage-canon-film-camera/10011-0000-563653.html
camera,Web Digital Camera,14.24,"Discount:
(5% OFF)",https://www.goodwillfinds.com//electronics/cameras-and-photography/digital-cameras/web-digital-camera/10012-0001-3464.html
camera,Vehicle Reverse Camera System,39.99,N/A,https://www.goodwillfinds.com//electronics/cameras-and-photography/digital-cameras/vehicle-reverse-camera-system/10011-0000-514642.html
camera,Red & Black COOLPIX Camera,115.99,N/A,https://www.goodwillfinds.com//electronics/cameras-and-photography/digital-cameras/red-and-black-coolpix-camera/10011-0000-522752.html
camera,Floureon Security IP Camera,44.99,N/A,https://www.goodwillfinds.com//electronics/cameras-and-photography/digital-cameras/floureon-security-ip-camera/10011-0000-515097.html
camera,Swann Black Home Camera,24.99,N/A,https://www.goodwillfinds.com//electronics/cameras-and-photography/digital-cameras/swann-black-home-camera/10011-0000-502167.html
camera,Nikon Coolpix Camera in Case,160.0,N/A,https://www.goodwillfinds.com//electronics/cameras-and-photography/digital-cameras/nikon-coolpix-camera-in-case/10011-0000-541408.html
camera,Hero + Camera with Wifi,40.0,N/A,https://www.goodwillfinds.com//electronics/cameras-and-photography/digital-cameras/hero-camera-with-wifi/10011-0000-581699.html
camera,Nikon D3100 Camera & Bag,109.99,N/A,https://www.goodwillfinds.com//electronics/cameras-and-photography/digital-cameras/nikon-d3100-camera-and-bag/10011-0000-517589.html
camera,Olympus Camera Model: E-PM1,300.0,N/A,https://www.goodwillfinds.com//electronics/cameras-and-photography/digital-cameras/olympus-camera-model-e-pm1/10011-0001-12568.html
camera,EasyShare DX7590 Digital Camera,32.0,N/A,https://www.goodwillfinds.com//electronics/cameras-and-photography/digital-cameras/easyshare-dx7590-digital-camera/10011-0000-568824.html
camera,Gopro Hero 4 Camera,89.99,N/A,https://www.goodwillfinds.com//electronics/cameras-and-photography/digital-cameras/gopro-hero-4-camera/10011-0001-12563.html
camera,Logitech C615 Webcam Camera,19.99,N/A,https://www.goodwillfinds.com//electronics/cameras-and-photography/digital-cameras/logitech-c615-webcam-camera/10014-0001-26124.html
camera,Nikon D60 Digital Camera,149.99,N/A,https://www.goodwillfinds.com//electronics/cameras-and-photography/digital-cameras/nikon-d60-digital-camera/10024-0001-0307.html
camera,Not Tested Panasonic SDR-S70 Camera 78x Camera,29.99,N/A,https://www.goodwillfinds.com//electronics/cameras-and-photography/camcorders/not-tested-panasonic-sdr-s70-camera-78x-camera/10015-0001-0461.html
camera,Instax Fim Camera,105.4,"Discount:
(15% OFF)",https://www.goodwillfinds.com//electronics/cameras-and-photography/film-and-polaroid-cameras/instax-fim-camera/10011-0000-59361.html
camera,Model EK6 Instant Camera,23.99,N/A,https://www.goodwillfinds.com//electronics/cameras-and-photography/film-and-polaroid-cameras/model-ek6-instant-camera/10011-0001-7519.html
camera,Instax Mini 9 Camera,35.0,N/A,https://www.goodwillfinds.com//electronics/cameras-and-photography/film-and-polaroid-cameras/instax-mini-9-camera/10011-0000-603199.html
camera,Olympus IS-20 Quartzdate Camera,21.99,N/A,https://www.goodwillfinds.com//electronics/cameras-and-photography/film-and-polaroid-cameras/olympus-is-20-quartzdate-camera/10014-0001-25566.html
camera,Kodak Box Camera in Case,50.0,N/A,https://www.goodwillfinds.com//electronics/cameras-and-photography/film-and-polaroid-cameras/kodak-box-camera-in-case/10011-0001-2839.html
camera,Vivitar 220/SL Film Camera,30.0,N/A,https://www.goodwillfinds.com//electronics/cameras-and-photography/film-and-polaroid-cameras/vivitar-220%2Fsl-film-camera/10011-0001-14019.html
camera,Argus Anastigmat Film Camera,20.99,N/A,https://www.goodwillfinds.com//electronics/cameras-and-photography/film-and-polaroid-cameras/argus-anastigmat-film-camera/10011-0001-8608.html
camera,Argus 35 HFM Camera,27.99,N/A,https://www.goodwillfinds.com//electronics/cameras-and-photography/film-and-polaroid-cameras/argus-35-hfm-camera/10014-0001-28070.html
camera,Petri SLR Film Camera,50.0,N/A,https://www.goodwillfinds.com//electronics/cameras-and-photography/film-and-polaroid-cameras/petri-slr-film-camera/10011-0001-14032.html
camera,Polaroid Now Instant Camera,39.99,N/A,https://www.goodwillfinds.com//electronics/cameras-and-photography/film-and-polaroid-cameras/polaroid-now-instant-camera/10014-0001-23224.html
camera,Lomography Fisheye 35mm Camera,19.99,N/A,https://www.goodwillfinds.com//electronics/cameras-and-photography/film-and-polaroid-cameras/lomography-fisheye-35mm-camera/10014-0001-18313.html
camera,Photoflex MX-35 Photo Camera,18.99,N/A,https://www.goodwillfinds.com//electronics/cameras-and-photography/film-and-polaroid-cameras/photoflex-mx-35-photo-camera/10015-0001-0657.html
camera,Vintage Polaroid Lot of 2 Land Cameras Automatic 100 & 103 Instant Camera,18.99,"Discount:
(5% OFF)",https://www.goodwillfinds.com//electronics/cameras-and-photography/film-and-polaroid-cameras/vintage-polaroid-lot-of-2-land-cameras-automatic-100-and-103-instant-camera/10014-0001-4871.html
camera,Industrial EndoScope Camera,35.01,N/A,https://www.goodwillfinds.com//electronics/cameras-and-photography/digital-cameras/industrial-endoscope-camera/10024-0001-0042.html
camera,Nishika N9000 Camera,75.0,N/A,https://www.goodwillfinds.com//electronics/cameras-and-photography/digital-cameras/nishika-n9000-camera/10024-0001-0103.html
camera,Canon EOS Camera,200.0,N/A,https://www.goodwillfinds.com//electronics/cameras-and-photography/digital-cameras/canon-eos-camera/10024-0001-0076.html
camera,Canon AE-1 Camera,160.0,N/A,https://www.goodwillfinds.com//electronics/cameras-and-photography/digital-cameras/canon-ae-1-camera/10024-0001-0127.html
camera,Web Digital Camera | Digital Camera #1,12.74,"Discount:
(6% OFF)",https://www.goodwillfinds.com//electronics/cameras-and-photography/accessories/web-digital-camera-digital-camera-1/10012-0000-251475.html
camera,Web Digital Camera | Digital Camera #2,12.74,"Discount:
(6% OFF)",https://www.goodwillfinds.com//electronics/cameras-and-photography/accessories/web-digital-camera-digital-camera-2/10012-0000-251476.html
camera,Action Camera Sport Recording Camera 20MP,12.35,"Discount:
(10% OFF)",https://www.goodwillfinds.com//electronics/cameras-and-photography/accessories/action-camera-sport-recording-camera-20mp/10014-0000-332882.html
camera,Lot of 2 Assorted APS Point & Shoot Cameras-Canon & Olympus Camera,18.99,"Discount:
(5% OFF)",https://www.goodwillfinds.com//electronics/cameras-and-photography/film-and-polaroid-cameras/lot-of-2-assorted-aps-point-and-shoot-cameras-canon-and-olympus-camera/10014-0001-7235.html
camera,Olympus Stylus 750Camera,68.0,"Discount:
(20% OFF)",https://www.goodwillfinds.com//electronics/cameras-and-photography/digital-cameras/olympus-stylus-750camera/10011-0000-583907.html
camera,Bundle of Assorted Camera Accessories w/Camera Travel Case,34.99,N/A,https://www.goodwillfinds.com//electronics/cameras-and-photography/accessories/bundle-of-assorted-camera-accessories-w%2Fcamera-travel-case/10011-0000-519469.html
camera,Minolta XG1 Camera,35.0,N/A,https://www.goodwillfinds.com//electronics/cameras-and-photography/film-and-polaroid-cameras/minolta-xg1-camera/10024-0001-0290.html
camera,Canon AE-1 Camera,99.99,N/A,https://www.goodwillfinds.com//electronics/cameras-and-photography/film-and-polaroid-cameras/canon-ae-1-camera/10024-0001-0037.html
camera,Minolta 35mm Camera,40.0,N/A,https://www.goodwillfinds.com//electronics/cameras-and-photography/film-and-polaroid-cameras/minolta-35mm-camera/10011-0001-18935.html
camera,Vintage Polaroid 320 Film Camera,20.0,N/A,https://www.goodwillfinds.com//electronics/cameras-and-photography/film-and-polaroid-cameras/vintage-polaroid-320-film-camera/10011-0000-528062.html
camera,Vintage Polaroid Spectra System Camera,20.0,N/A,https://www.goodwillfinds.com//electronics/cameras-and-photography/film-and-polaroid-cameras/vintage-polaroid-spectra-system-camera/10011-0000-575650.html
camera,Vintage Canon Snappy AF Camera,30.0,N/A,https://www.goodwillfinds.com//electronics/cameras-and-photography/film-and-polaroid-cameras/vintage-canon-snappy-af-camera/10011-0001-17024.html
camera,Vintage Minolta Autopack 400-X Camera,20.0,N/A,https://www.goodwillfinds.com//electronics/cameras-and-photography/film-and-polaroid-cameras/vintage-minolta-autopack-400-x-camera/10011-0001-12324.html
camera,Vintage Konica FS-1 Film Camera,46.5,N/A,https://www.goodwillfinds.com//electronics/cameras-and-photography/film-and-polaroid-cameras/vintage-konica-fs-1-film-camera/10011-0001-15387.html
camera,ToGuard FHD Wireless Smart Security Camera Wireless NVR & Wire-Free Camera Kit New,30.0,N/A,https://www.goodwillfinds.com//electronics/cameras-and-photography/digital-cameras/toguard-fhd-wireless-smart-security-camera-wireless-nvr-and-wire-free-camera-kit-new/10011-0000-503977.html
camera,Minolta Camera in Case,63.99,"Discount:
(20% OFF)",https://www.goodwillfinds.com//electronics/cameras-and-photography/film-and-polaroid-cameras/minolta-camera-in-case/10011-0000-544006.html
camera,Vivitar DVR786HD Digital Action Camera,24.99,N/A,https://www.goodwillfinds.com//electronics/cameras-and-photography/digital-cameras/vivitar-dvr786hd-digital-action-camera/10011-0000-602349.html
camera,Canon EOS Rebel 35mm Camera,38.42,N/A,https://www.goodwillfinds.com//electronics/cameras-and-photography/digital-cameras/canon-eos-rebel-35mm-camera/10011-0000-541724.html
camera,Blue Instax Mini 11 Camera,49.99,N/A,https://www.goodwillfinds.com//electronics/cameras-and-photography/digital-cameras/blue-instax-mini-11-camera/10011-0000-581143.html
camera,Conico Wireless IP Camera In Box,49.99,N/A,https://www.goodwillfinds.com//electronics/cameras-and-photography/digital-cameras/conico-wireless-ip-camera-in-box/10011-0000-610024.html
camera,GoPro Action Camera & Attachments Lot,48.0,N/A,https://www.goodwillfinds.com//electronics/cameras-and-photography/digital-cameras/gopro-action-camera-and-attachments-lot/10011-0000-596099.html
camera,Kodak Easy Share Digital Camera,65.0,N/A,https://www.goodwillfinds.com//electronics/cameras-and-photography/digital-cameras/kodak-easy-share-digital-camera/10011-0000-526898.html
camera,Cannon EOS Rebel Digital Camera,42.99,N/A,https://www.goodwillfinds.com//electronics/cameras-and-photography/digital-cameras/cannon-eos-rebel-digital-camera/10011-0000-523271.html
camera,Kodak EasyShare ZD710 Digital Camera,22.49,N/A,https://www.goodwillfinds.com//electronics/cameras-and-photography/digital-cameras/kodak-easyshare-zd710-digital-camera/10011-0001-7736.html
camera,Fujifilm FinePix S800 Digital Camera,19.99,N/A,https://www.goodwillfinds.com//electronics/cameras-and-photography/digital-cameras/fujifilm-finepix-s800-digital-camera/10011-0001-10165.html
camera,Nikon Digital SLR Camera D40,89.99,N/A,https://www.goodwillfinds.com//electronics/cameras-and-photography/digital-cameras/nikon-digital-slr-camera-d40/10011-0001-15688.html
camera,Canon Digital Camera with accessories,165.0,N/A,https://www.goodwillfinds.com//electronics/cameras-and-photography/digital-cameras/canon-digital-camera-with-accessories/10011-0000-511606.html
camera,FujiFilm Finepix Z70 Digital Camera,85.0,N/A,https://www.goodwillfinds.com//electronics/cameras-and-photography/digital-cameras/fujifilm-finepix-z70-digital-camera/10011-0001-15998.html
camera,Nikon D80 Digital Camera In Box,125.0,N/A,https://www.goodwillfinds.com//electronics/cameras-and-photography/digital-cameras/nikon-d80-digital-camera-in-box/10011-0001-1735.html
camera,Polaroid Wave Underwater Camera IOB,20.0,N/A,https://www.goodwillfinds.com//electronics/cameras-and-photography/digital-cameras/polaroid-wave-underwater-camera-iob/10011-0001-12522.html
camera,Olympus SP-510UZ 7.1MP Digital Camera,59.99,N/A,https://www.goodwillfinds.com//electronics/cameras-and-photography/digital-cameras/olympus-sp-510uz-7.1mp-digital-camera/10011-0000-512442.html
camera,Vintage Kodak Instant Camera,16.0,"Discount:
(20% OFF)",https://www.goodwillfinds.com//electronics/cameras-and-photography/film-and-polaroid-cameras/vintage-kodak-instant-camera/10011-0000-586007.html
camera,Vintage Seneca Camera in Case,71.99,"Discount:
(20% OFF)",https://www.goodwillfinds.com//electronics/cameras-and-photography/film-and-polaroid-cameras/vintage--seneca--camera-in-case/10011-0000-533232.html
camera,Vintage Polaroid Automatic 100 Land Camera Instant Camera,15.99,N/A,https://www.goodwillfinds.com//electronics/cameras-and-photography/accessories/vintage-polaroid-automatic-100-land-camera-instant-camera/10014-0001-26744.html
camera,Pair of Nikon Film Cameras FM & FE w/ Large Camera Bag,180.0,N/A,https://www.goodwillfinds.com//electronics/cameras-and-photography/film-and-polaroid-cameras/pair-of-nikon-film-cameras-fm-and-fe-w%2F-large-camera-bag/10011-0001-20124.html
camera,Kodak 'The Handle' Instant Camera,14.24,"Discount:
(5% OFF)",https://www.goodwillfinds.com//electronics/cameras-and-photography/film-and-polaroid-cameras/kodak-the-handle-instant-camera/10012-0001-3513.html
camera,Samsung SF-250 DX Camera,17.99,"Discount:
(5% OFF)",https://www.goodwillfinds.com//electronics/cameras-and-photography/film-and-polaroid-cameras/samsung-sf-250-dx-camera/10014-0001-2587.html
camera,Polaroid 300 Instant Camera,18.99,"Discount:
(5% OFF)",https://www.goodwillfinds.com//electronics/cameras-and-photography/film-and-polaroid-cameras/polaroid-300-instant-camera/10014-0001-4780.html
camera,Polaroid 300 Instant Camera,17.99,"Discount:
(5% OFF)",https://www.goodwillfinds.com//electronics/cameras-and-photography/film-and-polaroid-cameras/polaroid-300-instant-camera/10014-0001-2609.html
camera,Polaroid Impulse Instant Camera,33.24,"Discount:
(5% OFF)",https://www.goodwillfinds.com//electronics/cameras-and-photography/film-and-polaroid-cameras/polaroid-impulse-instant-camera/10014-0001-12928.html
camera,Polaroid One Instant Camera,18.99,"Discount:
(5% OFF)",https://www.goodwillfinds.com//electronics/cameras-and-photography/film-and-polaroid-cameras/polaroid-one-instant-camera/10014-0001-13556.html
camera,Pentax Film Camera w/ Strap,35.0,N/A,https://www.goodwillfinds.com//electronics/cameras-and-photography/film-and-polaroid-cameras/pentax-film-camera-w%2F-strap/10011-0000-519724.html
camera,Canon Film Camera W/ Strap,95.0,N/A,https://www.goodwillfinds.com//electronics/cameras-and-photography/film-and-polaroid-cameras/canon-film-camera-w%2F-strap/10011-0000-516714.html
camera,2 Nikon Cameras with flash,90.0,N/A,https://www.goodwillfinds.com//electronics/cameras-and-photography/film-and-polaroid-cameras/2-nikon-cameras-with-flash/10011-0000-511858.html
camera,Konica C35 35mm Film Camera,54.99,N/A,https://www.goodwillfinds.com//electronics/cameras-and-photography/film-and-polaroid-cameras/konica-c35-35mm-film-camera/10011-0000-522387.html
camera,Nikkei DL-9000 35mm Film Camera,15.99,"Discount:
(20% OFF)",https://www.goodwillfinds.com//electronics/cameras-and-photography/film-and-polaroid-cameras/nikkei-dl-9000-35mm-film-camera/10011-0000-557573.html
camera,Polaroid Impulse Instant Film Camera,19.99,N/A,https://www.goodwillfinds.com//electronics/cameras-and-photography/film-and-polaroid-cameras/polaroid-impulse-instant-film-camera/10013-0000-372600.html
camera,Yashica Minister-D Film Camera,30.0,N/A,https://www.goodwillfinds.com//electronics/cameras-and-photography/film-and-polaroid-cameras/yashica-minister-d-film-camera/10011-0000-554584.html
nikon,Nikon N90s Camera With Nikon MB-10 Multi-Power Vertical Grip,79.99,"Discount:
(20% OFF)",https://www.goodwillfinds.com//electronics/cameras-and-photography/film-and-polaroid-cameras/nikon-n90s-camera-with-nikon-mb-10-multi-power-vertical-grip/10011-0000-540467.html
nikon,Nikon Black Binoculars In Case,52.99,N/A,https://www.goodwillfinds.com//electronics/cameras-and-photography/accessories/nikon-black-binoculars-in-case/10015-0001-0700.html
nikon,Nikon COOLPIX S10 IOB,150.0,N/A,https://www.goodwillfinds.com//electronics/cameras-and-photography/digital-cameras/nikon-coolpix-s10-iob/10011-0001-5566.html
nikon,Nikon D60 Digital Camera,149.99,N/A,https://www.goodwillfinds.com//electronics/cameras-and-photography/digital-cameras/nikon-d60-digital-camera/10024-0001-0307.html
nikon,Nikon CoolPix 5000 Camera,37.99,N/A,https://www.goodwillfinds.com//electronics/cameras-and-photography/digital-cameras/nikon-coolpix-5000-camera/10024-0001-0250.html
nikon,Nikon N65 35mm SLR Camera with Nikon AF Nikkor 28-105mm f/3.5-4.5 D Lens,109.99,N/A,https://www.goodwillfinds.com//electronics/cameras-and-photography/film-and-polaroid-cameras/nikon-n65-35mm-slr-camera-with-nikon-af-nikkor-28-105mm-f%2F3.5-4.5-d-lens/10014-0001-23525.html
nikon,Nikon Digital SLR Camera D40,89.99,N/A,https://www.goodwillfinds.com//electronics/cameras-and-photography/digital-cameras/nikon-digital-slr-camera-d40/10011-0001-15688.html
nikon,Nikon D80 Digital Camera In Box,125.0,N/A,https://www.goodwillfinds.com//electronics/cameras-and-photography/digital-cameras/nikon-d80-digital-camera-in-box/10011-0001-1735.html
nikon,Nikon F70 35mm Film Camera,32.99,N/A,https://www.goodwillfinds.com//electronics/cameras-and-photography/film-and-polaroid-cameras/nikon-f70-35mm-film-camera/10011-0001-10827.html
nikon,Nikon Speedlight SB-15 Camera Flash,13.0,"Discount:
(11% OFF)",https://www.goodwillfinds.com//electronics/cameras-and-photography/accessories/nikon-speedlight-sb-15-camera-flash/10014-0000-327614.html
nikon,Nikon Action 10x50 Binoculars W/ Case,39.99,N/A,https://www.goodwillfinds.com//electronics/cameras-and-photography/accessories/nikon-action-10x50-binoculars-w%2F-case/10011-0001-14376.html
nikon,Nikon Travelite IV Binoculars w/ Case,19.99,N/A,https://www.goodwillfinds.com//electronics/cameras-and-photography/accessories/nikon-travelite-iv-binoculars-w%2F-case/10013-0001-1035.html
nikon,Nikon Speedlight SB-600 Shoe Mount Flash,49.99,N/A,https://www.goodwillfinds.com//electronics/cameras-and-photography/accessories/nikon-speedlight-sb-600-shoe-mount-flash/10013-0000-381076.html
nikon,Nikon D3000 10.2MP Digital SLR Camera,64.99,N/A,https://www.goodwillfinds.com//electronics/cameras-and-photography/digital-cameras/nikon-d3000-10.2mp-digital-slr-camera/10014-0001-10248.html
nikon,Nikon N55 Digital Camera w/ Case,30.0,N/A,https://www.goodwillfinds.com//electronics/cameras-and-photography/digital-cameras/nikon-n55-digital-camera-w%2F-case/10011-0001-13261.html
nikon,Nikon Coolpix A900 20.0MP Digital Camera,319.99,N/A,https://www.goodwillfinds.com//electronics/cameras-and-photography/digital-cameras/nikon-coolpix-a900-20.0mp-digital-camera/10014-0001-27752.html
nikon,Nikon CoolPix L610 Digital SLR Camera,80.0,N/A,https://www.goodwillfinds.com//electronics/cameras-and-photography/digital-cameras/nikon-coolpix-l610-digital-slr-camera/10011-0001-15368.html
nikon,Nikon Coolpix L120 Digital SLR Camera,59.99,N/A,https://www.goodwillfinds.com//electronics/cameras-and-photography/digital-cameras/nikon-coolpix-l120-digital-slr-camera/10011-0000-514637.html
nikon,Nikon SB-22s Autofocus Speedlight Electronic Flash,14.53,"Discount:
(10% OFF)",https://www.goodwillfinds.com//electronics/cameras-and-photography/accessories/nikon-sb-22s-autofocus-speedlight-electronic-flash/10014-0000-331449.html
nikon,Nikon Em 35mm SLR - Lens Missing,37.05,"Discount:
(5% OFF)",https://www.goodwillfinds.com//electronics/cameras-and-photography/digital-cameras/nikon-em-35mm-slr---lens-missing/10012-0001-3216.html
nikon,Nikon CoolPix 775 | 2.0MP Digital Camera,18.99,"Discount:
(5% OFF)",https://www.goodwillfinds.com//electronics/cameras-and-photography/digital-cameras/nikon-coolpix-775-2.0mp-digital-camera/10012-0001-3515.html
nikon,2 Nikon Stayfocus Plus II Binoculars,169.99,N/A,https://www.goodwillfinds.com//electronics/cameras-and-photography/accessories/2-nikon-stayfocus-plus-ii-binoculars/10024-0001-0206.html
nikon,Nikon N70 SLR Camera w/ Accessories,44.99,"Discount:
(5% OFF)",https://www.goodwillfinds.com//electronics/cameras-and-photography/film-and-polaroid-cameras/nikon-n70-slr-camera-w%2F-accessories/10014-0001-0627.html
nikon,Nikon N70 SLR Camera w/ Accessories,44.99,"Discount:
(5% OFF)",https://www.goodwillfinds.com//electronics/cameras-and-photography/film-and-polaroid-cameras/nikon-n70-slr-camera-w%2F-accessories/10014-0001-2586.html
nikon,Nikon Coolpix P500 12.1MP Digital Camera,29.99,N/A,https://www.goodwillfinds.com//electronics/cameras-and-photography/digital-cameras/nikon-coolpix-p500-12.1mp-digital-camera/10014-0001-31136.html
nikon,Nikon CoolPix 775 Compact Digital Camera,47.99,"Discount:
(20% OFF)",https://www.goodwillfinds.com//electronics/cameras-and-photography/digital-cameras/nikon-coolpix-775-compact-digital-camera/10011-0000-546153.html
nikon,VNG Nikon 6x18 8ยบ Binoculars W/ Case,19.99,N/A,https://www.goodwillfinds.com//electronics/cameras-and-photography/accessories/vng-nikon-6x18-8%C2%BA-binoculars-w%2F-case/10013-0001-38994.html
nikon,Nikon AF-S DX NIKKOR 55-300mm Lens,150.0,N/A,https://www.goodwillfinds.com//electronics/cameras-and-photography/accessories/nikon-af-s-dx-nikkor--55-300mm-lens/10011-0001-6124.html
nikon,Nikon Coolpix AW110 Orange Waterproof Digital Camera,89.99,N/A,https://www.goodwillfinds.com//electronics/cameras-and-photography/digital-cameras/nikon-coolpix-aw110-orange-waterproof-digital-camera/10011-0000-587667.html
nikon,Nikon Coolpix P80 10.1MP Digital Bridge Camera,39.99,N/A,https://www.goodwillfinds.com//electronics/cameras-and-photography/digital-cameras/nikon-coolpix-p80-10.1mp-digital-bridge-camera/10014-0001-10095.html
nikon,Nikon Coolpix 4300 4.0MP Compact Digital Camera,34.99,N/A,https://www.goodwillfinds.com//electronics/cameras-and-photography/digital-cameras/nikon-coolpix-4300-4.0mp-compact-digital-camera/10014-0001-29300.html
nikon,Nikon Nice Touch Zoom | 35mm Film Camera,16.99,N/A,https://www.goodwillfinds.com//electronics/cameras-and-photography/film-and-polaroid-cameras/nikon-nice-touch-zoom-35mm-film-camera/10012-0001-1645.html
nikon,Nikon FE 35mm SLR Camera-BODY ONLY,69.99,N/A,https://www.goodwillfinds.com//electronics/cameras-and-photography/film-and-polaroid-cameras/nikon-fe-35mm-slr-camera-body-only/10014-0001-23810.html
nikon,Nikon F100 35mm SLR Camera-BODY ONLY,199.99,N/A,https://www.goodwillfinds.com//electronics/cameras-and-photography/film-and-polaroid-cameras/nikon-f100-35mm-slr-camera-body-only/10014-0001-24437.html
nikon,Nikon One Touch 35mm Point & Shoot Camera,99.99,N/A,https://www.goodwillfinds.com//electronics/cameras-and-photography/film-and-polaroid-cameras/nikon-one-touch-35mm-point-and-shoot-camera/10014-0001-25805.html
nikon,Nikon One Touch 35mm Point & Shoot Camera,89.99,N/A,https://www.goodwillfinds.com//electronics/cameras-and-photography/film-and-polaroid-cameras/nikon-one-touch-35mm-point-and-shoot-camera/10014-0001-25890.html
nikon,Nikon N65 35mm SLR Camera with Lens,19.5,"Discount:
(11% OFF)",https://www.goodwillfinds.com//electronics/cameras-and-photography/accessories/nikon-n65-35mm-slr-camera-with-lens/10014-0000-327149.html
nikon,Nikon N55 35mm SLR Camera with Lens,24.29,"Discount:
(5% OFF)",https://www.goodwillfinds.com//electronics/cameras-and-photography/accessories/nikon-n55-35mm-slr-camera-with-lens/10014-0000-334593.html
nikon,Nikon N65 35mm SLR Camera with Lens,32.39,"Discount:
(5% OFF)",https://www.goodwillfinds.com//electronics/cameras-and-photography/accessories/nikon-n65-35mm-slr-camera-with-lens/10014-0000-334798.html
nikon,Nikon N50 35mm SLR Camera BODY ONLY,16.19,"Discount:
(5% OFF)",https://www.goodwillfinds.com//electronics/cameras-and-photography/accessories/nikon-n50-35mm-slr-camera-body-only/10014-0000-335321.html
nikon,Nikon AF NIKKOR 28-80mm f/3.5-5.6G Camera Lens,52.24,"Discount:
(5% OFF)",https://www.goodwillfinds.com//electronics/cameras-and-photography/accessories/nikon-af-nikkor-28-80mm-f%2F3.5-5.6g-camera-lens/10014-0001-10635.html
nikon,Nikon D40 DSLR Digital Camera Body Tested,84.99,"Discount:
(15% OFF)",https://www.goodwillfinds.com//electronics/cameras-and-photography/digital-cameras/nikon-d40-dslr-digital-camera-body-tested/10013-0000-9510.html
nikon,Nikon Coolpix P80 10.1MP Digital Bridge Camera,37.99,"Discount:
(5% OFF)",https://www.goodwillfinds.com//electronics/cameras-and-photography/digital-cameras/nikon-coolpix-p80-10.1mp-digital-bridge-camera/10014-0001-9170.html
nikon,Not Tested Nikon ED 70-300mm Camera Lens,126.99,N/A,https://www.goodwillfinds.com//electronics/cameras-and-photography/accessories/not-tested-nikon-ed-70-300mm-camera-lens/10015-0001-1151.html
nikon,Nikon Speedlight SB-16 Flash Mount w/ Case,19.99,N/A,https://www.goodwillfinds.com//electronics/cameras-and-photography/accessories/nikon-speedlight-sb-16-flash-mount-w%2F-case/10013-0001-48486.html
nikon,Nikon FG 35mm SLR Camera w/ Accessories,75.99,"Discount:
(5% OFF)",https://www.goodwillfinds.com//electronics/cameras-and-photography/film-and-polaroid-cameras/nikon-fg-35mm-slr-camera-w%2F-accessories/10014-0001-4732.html
nikon,Nikon EM 35mm SLR Camera w/ Accessories,62.99,"Discount:
(5% OFF)",https://www.goodwillfinds.com//electronics/cameras-and-photography/film-and-polaroid-cameras/nikon-em-35mm-slr-camera-w%2F-accessories/10014-0001-2624.html
nikon,Nikon Coolpix Black L820 Digital Camera Untested,19.99,N/A,https://www.goodwillfinds.com//electronics/cameras-and-photography/digital-cameras/nikon-coolpix-black-l820-digital-camera-untested/10011-0001-18971.html
nikon,Nikon N50 35mm SLR Camera BODY ONLY,14.09,"Discount:
(30% OFF)",https://www.goodwillfinds.com//electronics/cameras-and-photography/accessories/nikon-n50-35mm-slr-camera-body-only/10014-0000-265247.html
nikon,Nikon FE 35mm SLR Camera-BODY ONLY,109.99,N/A,https://www.goodwillfinds.com//electronics/cameras-and-photography/film-and-polaroid-cameras/nikon-fe-35mm-slr-camera-body-only/10014-0001-35435.html
nikon,Nikon F90X 35mm SLR Camera-BODY ONLY,64.99,N/A,https://www.goodwillfinds.com//electronics/cameras-and-photography/film-and-polaroid-cameras/nikon-f90x-35mm-slr-camera-body-only/10014-0001-35044.html
nikon,Nikon AF Nikkor 35-80mm 1:4-5.6D Camera Lens,29.99,N/A,https://www.goodwillfinds.com//electronics/cameras-and-photography/accessories/nikon-af-nikkor-35-80mm-14-5.6d-camera-lens/10014-0001-10029.html
nikon,Nikon Binoculars 7x50 Binoculars in Matching Shoulder Carry Case,79.99,N/A,https://www.goodwillfinds.com//electronics/cameras-and-photography/accessories/nikon-binoculars-7x50-binoculars-in-matching-shoulder-carry-case/10011-0001-11100.html
nikon,Nikon Coolpix Digital Camera Assorted Models Lot of 2,29.99,N/A,https://www.goodwillfinds.com//electronics/cameras-and-photography/digital-cameras/nikon-coolpix-digital-camera-assorted-models-lot-of-2/10014-0001-24695.html
nikon,Nikon Coolpix P100 26X Wide Zoom Digital Camera,30.0,N/A,https://www.goodwillfinds.com//electronics/cameras-and-photography/digital-cameras/nikon-coolpix-p100-26x-wide-zoom-digital-camera/10011-0001-13226.html
nikon,Nikon Fun Touch 5 35mm Point & Shoot Camera,19.99,N/A,https://www.goodwillfinds.com//electronics/cameras-and-photography/film-and-polaroid-cameras/nikon-fun-touch-5-35mm-point-and-shoot-camera/10014-0001-20500.html
nikon,Nikon One Touch Zoom 90 AF Film Camera,40.0,N/A,https://www.goodwillfinds.com//electronics/cameras-and-photography/film-and-polaroid-cameras/nikon-one-touch-zoom-90-af-film-camera/10011-0001-9423.html
nikon,Nikon FE2 SLR 35mm Film Camera With Lens,179.99,N/A,https://www.goodwillfinds.com//electronics/cameras-and-photography/film-and-polaroid-cameras/nikon-fe2-slr-35mm-film-camera-with-lens/10013-0001-33356.html
nikon,Nikon F 35mm Film Camera Bundle in Train Case,399.99,N/A,https://www.goodwillfinds.com//electronics/cameras-and-photography/film-and-polaroid-cameras/nikon-f-35mm-film-camera-bundle-in-train-case/10011-0001-10881.html
nikon,Pair of Argus C-4 & Nikon N80 SLR Film Cameras,50.0,N/A,https://www.goodwillfinds.com//electronics/cameras-and-photography/film-and-polaroid-cameras/pair-of-argus-c-4-and-nikon-n80-slr-film-cameras/10011-0001-16994.html
nikon,Nikon 1 Nikkor VR 30-110mm f/3.8-5.6 Camera Lens,71.99,"Discount:
(5% OFF)",https://www.goodwillfinds.com//electronics/cameras-and-photography/accessories/nikon-1-nikkor-vr-30-110mm-f%2F3.8-5.6-camera-lens/10014-0001-2034.html
nikon,Nikon TeleTouch Point and Shoot 35mm Film Camera,33.99,"Discount:
(15% OFF)",https://www.goodwillfinds.com//electronics/cameras-and-photography/film-and-polaroid-cameras/nikon-teletouch-point-and-shoot-35mm-film-camera/10013-0000-221550.html
nikon,Nikon N65 35mm SLR Camera with 28-80mm Lens,37.99,"Discount:
(5% OFF)",https://www.goodwillfinds.com//electronics/cameras-and-photography/film-and-polaroid-cameras/nikon-n65-35mm-slr-camera-with-28-80mm-lens/10014-0001-13629.html
nikon,Nikon L110 Coolpix digital camera with carry case,69.99,N/A,https://www.goodwillfinds.com//electronics/cameras-and-photography/digital-cameras/nikon-l110-coolpix-digital-camera-with-carry-case/10024-0001-0282.html
nikon,Nikon N5005 35mm SLR Camera with 70-300mm Lens,35.24,"Discount:
(30% OFF)",https://www.goodwillfinds.com//electronics/cameras-and-photography/accessories/nikon-n5005-35mm-slr-camera-with-70-300mm-lens/10014-0000-285426.html
nikon,Nikon Nikkormat FT 35mm SLR Camera-BODY ONLY,29.99,N/A,https://www.goodwillfinds.com//electronics/cameras-and-photography/film-and-polaroid-cameras/nikon-nikkormat-ft-35mm-slr-camera-body-only/10014-0001-35919.html
nikon,Nikon D80 10.2MP Digital SLR Camera with 2 Lenses,184.99,N/A,https://www.goodwillfinds.com//electronics/cameras-and-photography/digital-cameras/nikon-d80-10.2mp-digital-slr-camera-with-2-lenses/10014-0001-15136.html
nikon,Nikon D40 6.1MP Digital SLR Camera with 18-55mm Lens,79.99,N/A,https://www.goodwillfinds.com//electronics/cameras-and-photography/digital-cameras/nikon-d40-6.1mp-digital-slr-camera-with-18-55mm-lens/10014-0001-25808.html
nikon,Nikon D3200 24.2MP Digital SLR Camera with 2 Lenses,329.99,N/A,https://www.goodwillfinds.com//electronics/cameras-and-photography/digital-cameras/nikon-d3200-24.2mp-digital-slr-camera-with-2-lenses/10014-0001-23586.html
nikon,Nikon D5600 24.1MP Digital SLR Camera with 2 Lenses,599.99,N/A,https://www.goodwillfinds.com//electronics/cameras-and-photography/digital-cameras/nikon-d5600-24.1mp-digital-slr-camera-with-2-lenses/10014-0001-25922.html
nikon,Nikon D3000 10.2MP Digital SLR Camera with 18-55mm Lens,84.99,N/A,https://www.goodwillfinds.com//electronics/cameras-and-photography/digital-cameras/nikon-d3000-10.2mp-digital-slr-camera-with-18-55mm-lens/10014-0001-23714.html
nikon,Nikon D5200 Kit 24.1 Megapixel Red Digital SLR Camera,274.25,N/A,https://www.goodwillfinds.com//electronics/cameras-and-photography/digital-cameras/nikon-d5200-kit-24.1-megapixel-red-digital-slr-camera/10011-0000-520048.html
nikon,Nikon F65 SLR 35mm Film Camera With 28-80mm Lens,69.99,N/A,https://www.goodwillfinds.com//electronics/cameras-and-photography/film-and-polaroid-cameras/nikon-f65-slr-35mm-film-camera-with-28-80mm-lens/10013-0001-4456.html
nikon,Nikon EM 35mm SLR Film Camera w/ 50mm Lens,59.99,N/A,https://www.goodwillfinds.com//electronics/cameras-and-photography/film-and-polaroid-cameras/nikon-em-35mm-slr-film-camera-w%2F-50mm-lens/10013-0001-26632.html
nikon,Nikon FG SLR 35mm Film Camera With Lens & Manual,67.49,N/A,https://www.goodwillfinds.com//electronics/cameras-and-photography/film-and-polaroid-cameras/nikon-fg-slr-35mm-film-camera-with-lens-and-manual/10013-0001-35615.html
nikon,Nikon AF Nikkor 35-105mm 1:3.5-4.5D Zoom Camera Lens,44.99,"Discount:
(5% OFF)",https://www.goodwillfinds.com//electronics/cameras-and-photography/accessories/nikon-af-nikkor-35-105mm-13.5-4.5d-zoom-camera-lens/10014-0001-2614.html
nikon,Vintage Nikon F BC-7 Camera Flash Unit w/ Case,17.99,"Discount:
(10% OFF)",https://www.goodwillfinds.com//electronics/cameras-and-photography/accessories/vintage-nikon-f-bc-7-camera-flash-unit-w%2F-case/10013-0001-21093.html
nikon,Nikon D40 DSLR Digital Camera Body Tested NO BATTERY,84.99,"Discount:
(15% OFF)",https://www.goodwillfinds.com//electronics/cameras-and-photography/digital-cameras/nikon-d40-dslr-digital-camera-body-tested-no-battery/10013-0000-9528.html
nikon,Nikon D70 6.1 megapixel Digital SLR Camera Body Only,31.49,"Discount:
(5% OFF)",https://www.goodwillfinds.com//electronics/cameras-and-photography/digital-cameras/nikon-d70-6.1-megapixel-digital-slr-camera-body-only/10014-0001-4493.html
nikon,Nikon N65 35mm SLR Film Camera with 28-80mm Lens,35.99,"Discount:
(10% OFF)",https://www.goodwillfinds.com//electronics/cameras-and-photography/film-and-polaroid-cameras/nikon-n65-35mm-slr-film-camera-with-28-80mm-lens/10013-0001-20002.html
nikon,Nikon FG SLR 35mm Film Camera W/ 50mm Lens,71.99,"Discount:
(10% OFF)",https://www.goodwillfinds.com//electronics/cameras-and-photography/film-and-polaroid-cameras/nikon-fg-slr-35mm-film-camera-w%2F-50mm-lens/10013-0001-20239.html
nikon,Nikon Nikkormat FS 35mm SLR Camera with 35-70mm Lens,89.99,N/A,https://www.goodwillfinds.com//electronics/cameras-and-photography/film-and-polaroid-cameras/nikon-nikkormat-fs-35mm-slr-camera-with-35-70mm-lens/10014-0001-31103.html
nikon,Nikon FG-20 SLR 35mm Film Camera With 50mm Lens,74.99,N/A,https://www.goodwillfinds.com//electronics/cameras-and-photography/film-and-polaroid-cameras/nikon-fg-20-slr-35mm-film-camera-with-50mm-lens/10013-0001-47370.html
nikon,Nikon Micro Nikkor 55mm 1:2.8 Close-up Camera Lens,79.99,N/A,https://www.goodwillfinds.com//electronics/cameras-and-photography/accessories/nikon-micro-nikkor-55mm-12.8-close-up-camera-lens/10014-0001-22211.html
nikon,Nikon FE SLR 35mm Film Camera With Lens For P&R,89.99,N/A,https://www.goodwillfinds.com//electronics/cameras-and-photography/film-and-polaroid-cameras/nikon-fe-slr-35mm-film-camera-with-lens-for-pandr/10013-0001-35616.html
nikon,Nikon FE SLR 35mm Film Camera With 2 Lenses & Case,125.99,N/A,https://www.goodwillfinds.com//electronics/cameras-and-photography/film-and-polaroid-cameras/nikon-fe-slr-35mm-film-camera-with-2-lenses-and-case/10013-0001-35865.html
nikon,Nikon Nikkormat FT SLR 35mm Film Camera With 35mm Lens,39.99,N/A,https://www.goodwillfinds.com//electronics/cameras-and-photography/film-and-polaroid-cameras/nikon-nikkormat-ft-slr-35mm-film-camera-with-35mm-lens/10013-0001-25557.html
nikon,Nikon L35 AD ISO 1000 Pikaichi 35mm Point & Shoot Camera,119.99,N/A,https://www.goodwillfinds.com//electronics/cameras-and-photography/film-and-polaroid-cameras/nikon-l35-ad-iso-1000-pikaichi-35mm-point-and-shoot-camera/10014-0001-20496.html
nikon,Nikon N90 35mm SLR Camera with 18-70mm 3.5-4.5G ED Lens,65.02,"Discount:
(11% OFF)",https://www.goodwillfinds.com//electronics/cameras-and-photography/accessories/nikon-n90-35mm-slr-camera-with--18-70mm-3.5-4.5g-ed-lens/10014-0000-326936.html
nikon,Nikon N90 35mm SLR Camera with 18-70mm 3.5-4.5G ED Lens,65.02,"Discount:
(11% OFF)",https://www.goodwillfinds.com//electronics/cameras-and-photography/accessories/nikon-n90-35mm-slr-camera-with--18-70mm-3.5-4.5g-ed-lens/10014-0000-326957.html
nikon,Nikon DX AF-S Nikkor 55-200mm 4-5.6G ED Camera Lens,47.49,"Discount:
(5% OFF)",https://www.goodwillfinds.com//electronics/cameras-and-photography/accessories/nikon-dx-af-s-nikkor-55-200mm-4-5.6g-ed-camera-lens/10014-0001-10518.html
nikon,Nikon FM10 SLR 35mm Film Camera With Lenses Flash & Case,89.99,"Discount:
(10% OFF)",https://www.goodwillfinds.com//electronics/cameras-and-photography/film-and-polaroid-cameras/nikon-fm10-slr-35mm-film-camera-with-lenses-flash-and-case/10013-0001-20069.html
nikon,Nikon Coolpix L830 4.0-136mm 1:3-5.9 Digital Camera with Strap,39.99,N/A,https://www.goodwillfinds.com//electronics/cameras-and-photography/digital-cameras/nikon-coolpix-l830-4.0-136mm-13-5.9-digital-camera-with-strap/10011-0001-20142.html
nikon,Pair of Nikon Film Cameras FM & FE w/ Large Camera Bag,180.0,N/A,https://www.goodwillfinds.com//electronics/cameras-and-photography/film-and-polaroid-cameras/pair-of-nikon-film-cameras-fm-and-fe-w%2F-large-camera-bag/10011-0001-20124.html
nikon,Nikon FE 35mm SLR Camera with 50mm 1:1.8 Lens,149.99,N/A,https://www.goodwillfinds.com//electronics/cameras-and-photography/film-and-polaroid-cameras/nikon-fe-35mm-slr-camera-with-50mm-11.8-lens/10014-0001-35017.html
nikon,Nikon N50 35mm SLR Camera with 28-80mm Lens,42.29,"Discount:
(30% OFF)",https://www.goodwillfinds.com//electronics/cameras-and-photography/accessories/nikon-n50-35mm-slr-camera-with-28-80mm-lens/10014-0000-282422.html
nikon,Nikon Ai-s NIKKOR 50mm f/1.4 MF Standard Prime Camera Lens,179.99,N/A,https://www.goodwillfinds.com//electronics/cameras-and-photography/accessories/nikon-ai-s-nikkor-50mm-f%2F1.4-mf-standard-prime-camera-lens/10014-0001-23221.html
nikon,Nikon AF-S DX Nikkor ED 18-55mm f/3.5-5.6 G II Lens,29.99,N/A,https://www.goodwillfinds.com//electronics/cameras-and-photography/accessories/nikon-af-s-dx-nikkor-ed-18-55mm-f%2F3.5-5.6-g-ii-lens/10013-0001-38981.html
nikon,Nikon DX SWM Aspherical AF-S Nikkor 35mm f/1.8 Camera Lens,90.0,N/A,https://www.goodwillfinds.com//electronics/cameras-and-photography/accessories/nikon-dx-swm-aspherical-af-s-nikkor-35mm-f%2F1.8-camera-lens/10011-0001-15395.html
nikon,Nikon N70 35mm Film Camera w/ AF Zoom Nikkor Lens 35-70mm,49.99,N/A,https://www.goodwillfinds.com//electronics/cameras-and-photography/accessories/nikon-n70-35mm-film-camera-w%2F-af-zoom-nikkor-lens-35-70mm/10013-0001-0442.html
canon,Canon AE Finder FN for Canon F-1 Camera,179.99,N/A,https://www.goodwillfinds.com//electronics/cameras-and-photography/accessories/canon-ae-finder-fn-for-canon-f-1-camera/10014-0001-23798.html
canon,Canon BG-E2N Battery Grip for Canon EOS DSLR,19.99,N/A,https://www.goodwillfinds.com//electronics/cameras-and-photography/accessories/canon-bg-e2n-battery-grip-for-canon-eos-dslr/10014-0001-22072.html
canon,Canon Canon PowerShot SX520 HS 16.0 megapixel Bridge Camera,76.49,"Discount:
(5% OFF)",https://www.goodwillfinds.com//electronics/cameras-and-photography/digital-cameras/canon-canon-powershot-sx520-hs-16.0-megapixel-bridge-camera/10014-0001-0319.html
canon,Canon FS200 Camcorder,39.99,N/A,https://www.goodwillfinds.com//electronics/cameras-and-photography/camcorders/canon-fs200-camcorder/10014-0001-25535.html
canon,Canon FS200 Camcorder,39.99,N/A,https://www.goodwillfinds.com//electronics/cameras-and-photography/camcorders/canon-fs200-camcorder/10014-0001-25575.html
canon,Canon FS200 Camcorder,39.99,N/A,https://www.goodwillfinds.com//electronics/cameras-and-photography/camcorders/canon-fs200-camcorder/10014-0001-25634.html
canon,Canon T70 Camera,40.0,N/A,https://www.goodwillfinds.com//electronics/cameras-and-photography/accessories/canon-t70-camera/10024-0001-0225.html
canon,Canon EOS Camera,200.0,N/A,https://www.goodwillfinds.com//electronics/cameras-and-photography/digital-cameras/canon-eos-camera/10024-0001-0076.html
canon,Canon AE-1 Camera,160.0,N/A,https://www.goodwillfinds.com//electronics/cameras-and-photography/digital-cameras/canon-ae-1-camera/10024-0001-0127.html
canon,Canon AE-1 Camera,99.99,N/A,https://www.goodwillfinds.com//electronics/cameras-and-photography/film-and-polaroid-cameras/canon-ae-1-camera/10024-0001-0037.html
canon,Canon MFC-J1215w Printer IOB,30.0,N/A,https://www.goodwillfinds.com//electronics/computers-and-tablets/accessories/canon-mfc-j1215w-printer-iob/10011-0001-8395.html
canon,Canon ZR85 MiniDV Camcorder,79.99,N/A,https://www.goodwillfinds.com//electronics/cameras-and-photography/camcorders/canon-zr85-minidv-camcorder/10014-0001-23514.html
canon,Canon ES55 8mm Camcorder,39.99,N/A,https://www.goodwillfinds.com//electronics/cameras-and-photography/camcorders/canon-es55-8mm-camcorder/10014-0001-20707.html
canon,Canon DC210 Handheld Camera,26.99,"Discount:
(5% OFF)",https://www.goodwillfinds.com//electronics/cameras-and-photography/camcorders/canon-dc210-handheld-camera/10014-0001-2580.html
canon,Canon BG-E4 Battery Grip,37.99,"Discount:
(5% OFF)",https://www.goodwillfinds.com//electronics/cameras-and-photography/accessories/canon-bg-e4-battery-grip/10014-0001-4737.html
canon,Canon DC410 DVD Camcorder,24.99,N/A,https://www.goodwillfinds.com//electronics/cameras-and-photography/camcorders/canon-dc410-dvd-camcorder/10014-0001-31092.html
canon,Canon CanoScan 9000f Scanner,100.0,N/A,https://www.goodwillfinds.com//electronics/computers-and-tablets/accessories/canon-canoscan-9000f-scanner/10011-0001-17568.html
canon,Canon PowerShot Digital Camera,80.0,N/A,https://www.goodwillfinds.com//electronics/cameras-and-photography/digital-cameras/canon-powershot-digital-camera/10011-0001-18914.html
canon,Canon A-1 35mm SLR Camera with Canon FD 50mm 1:1.4 Lens,179.99,N/A,https://www.goodwillfinds.com//electronics/cameras-and-photography/film-and-polaroid-cameras/canon-a-1-35mm-slr-camera-with-canon-fd-50mm-11.4-lens/10014-0001-20494.html
canon,Canon EOS Rebel G 35mm SLR Film Camera 35-80mm Canon Zoom Lens,34.99,N/A,https://www.goodwillfinds.com//electronics/cameras-and-photography/film-and-polaroid-cameras/canon-eos-rebel-g-35mm-slr-film-camera-35-80mm-canon-zoom-lens/10011-0001-9876.html
canon,Canon AL-1 QF 35mm SLR Camera w/Canon 50mm 1:1.8 Lens,84.59,"Discount:
(30% OFF)",https://www.goodwillfinds.com//electronics/cameras-and-photography/accessories/canon-al-1-qf-35mm-slr-camera-w%2Fcanon-50mm-11.8-lens/10014-0000-288851.html
canon,Canon EOS Rebel T6i Digital SLR Camera with Two Lenses & Canon Carry Bag,349.99,N/A,https://www.goodwillfinds.com//electronics/cameras-and-photography/digital-cameras/canon-eos-rebel-t6i-digital-slr-camera-with-two-lenses-and-canon-carry-bag/10011-0001-12894.html
canon,Canon EOS Rebel 2000 35mm SLR Film Camera with Canon Zoom Lens 35-80mm,42.99,N/A,https://www.goodwillfinds.com//electronics/cameras-and-photography/film-and-polaroid-cameras/canon-eos-rebel-2000-35mm-slr-film-camera-with-canon-zoom-lens-35-80mm/10011-0001-12285.html
canon,Canon Selphy Compact Photo Printer,31.48,N/A,https://www.goodwillfinds.com//electronics/computers-and-tablets/accessories/canon-selphy-compact-photo-printer/10011-0000-510829.html
canon,Canon Pixma Multifunction Printer MG2522,24.99,N/A,https://www.goodwillfinds.com//electronics/computers-and-tablets/accessories/canon-pixma-multifunction-printer-mg2522/10014-0001-25147.html
canon,Canon IP100 Printer in Samsonite Case,24.99,N/A,https://www.goodwillfinds.com//electronics/computers-and-tablets/accessories/canon-ip100-printer-in-samsonite-case/10011-0001-13848.html
canon,Canon Autofocus AF35M Film Camera,40.0,N/A,https://www.goodwillfinds.com//electronics/cameras-and-photography/film-and-polaroid-cameras/canon-autofocus-af35m-film-camera/10011-0001-13197.html
canon,Canon A2 Camera Power Winder,18.99,"Discount:
(5% OFF)",https://www.goodwillfinds.com//electronics/cameras-and-photography/accessories/canon-a2-camera-power-winder/10014-0001-13398.html
canon,Canon Battery Grip BG-E2 Camera,28.49,"Discount:
(5% OFF)",https://www.goodwillfinds.com//electronics/cameras-and-photography/digital-cameras/canon-battery-grip-bg-e2-camera/10014-0001-12924.html
canon,Canon AE-1 35mm SLR Camera,113.99,"Discount:
(5% OFF)",https://www.goodwillfinds.com//electronics/cameras-and-photography/film-and-polaroid-cameras/canon-ae-1-35mm-slr-camera/10014-0001-8316.html
canon,Vintage Canon Snappy AF Camera,30.0,N/A,https://www.goodwillfinds.com//electronics/cameras-and-photography/film-and-polaroid-cameras/vintage-canon-snappy-af-camera/10011-0001-17024.html
canon,Canon EF 100-200mm f/4.5 A Zoom Lens,44.99,N/A,https://www.goodwillfinds.com//electronics/cameras-and-photography/accessories/canon-ef-100-200mm-f%2F4.5-a-zoom-lens/10013-0001-41123.html
canon,Canon EOS Elan 7 SLR Camera,109.99,N/A,https://www.goodwillfinds.com//electronics/cameras-and-photography/film-and-polaroid-cameras/canon-eos-elan-7-slr-camera/10014-0001-22120.html
canon,Canon HV20 3.1MP HD MiniDV Camcorder,94.99,"Discount:
(5% OFF)",https://www.goodwillfinds.com//electronics/cameras-and-photography/camcorders/canon-hv20-3.1mp-hd-minidv-camcorder/10014-0001-9155.html
canon,Canon VIXIA HF M40 HD Camcorder,84.99,N/A,https://www.goodwillfinds.com//electronics/cameras-and-photography/camcorders/canon-vixia-hf-m40-hd-camcorder/10014-0001-31052.html
canon,Canon VIXIA HF20 32GB HD Camcorder,74.99,N/A,https://www.goodwillfinds.com//electronics/cameras-and-photography/camcorders/canon-vixia-hf20-32gb-hd-camcorder/10014-0001-35012.html
canon,Canon EOS Rebel XS` SLR Camera,35.99,"Discount:
(5% OFF)",https://www.goodwillfinds.com//electronics/cameras-and-photography/film-and-polaroid-cameras/canon-eos-rebel-xs-slr-camera/10014-0001-0625.html
canon,Canon EOS Rebel 2000 SLR Camera,35.99,"Discount:
(5% OFF)",https://www.goodwillfinds.com//electronics/cameras-and-photography/film-and-polaroid-cameras/canon-eos-rebel-2000-slr-camera/10014-0001-0632.html
canon,Canon EOS Rebel 2000 SLR Camera,35.99,"Discount:
(5% OFF)",https://www.goodwillfinds.com//electronics/cameras-and-photography/film-and-polaroid-cameras/canon-eos-rebel-2000-slr-camera/10014-0001-0628.html
canon,Canon A-1 SLR Camera w/ Accessories,134.99,"Discount:
(5% OFF)",https://www.goodwillfinds.com//electronics/cameras-and-photography/film-and-polaroid-cameras/canon-a-1-slr-camera-w%2F-accessories/10014-0001-0633.html
canon,Canon AF35ML 35mm Point & Shoot Camera,75.99,"Discount:
(5% OFF)",https://www.goodwillfinds.com//electronics/cameras-and-photography/film-and-polaroid-cameras/canon-af35ml-35mm-point-and-shoot-camera/10014-0001-10634.html
canon,Canon IXUS L-1 Digital Camera Untested,39.99,N/A,https://www.goodwillfinds.com//electronics/cameras-and-photography/digital-cameras/canon-ixus-l-1-digital-camera-untested/10012-0001-10176.html
canon,Canon PowerShot A540 6.0MP Digital Camera,34.99,N/A,https://www.goodwillfinds.com//electronics/cameras-and-photography/digital-cameras/canon-powershot-a540-6.0mp-digital-camera/10014-0001-33534.html
canon,Canon T50 Vintage SLR Film Camera,30.0,N/A,https://www.goodwillfinds.com//electronics/cameras-and-photography/film-and-polaroid-cameras/canon-t50-vintage-slr-film-camera/10011-0001-11851.html
canon,Canon & HP Photo Printers - Lot of 2,40.99,"Discount:
(54% OFF)",https://www.goodwillfinds.com//electronics/computers-and-tablets/accessories/canon-and-hp-photo-printers---lot-of-2/10014-0000-203994.html
canon,Canon Selphy CP740 Digital Photo Printer,9.18,"Discount:
(11% OFF)",https://www.goodwillfinds.com//electronics/computers-and-tablets/accessories/canon-selphy-cp740-digital-photo-printer/10014-0000-322745.html
canon,Canon A-1 35mm SLR Film Camera,99.99,N/A,https://www.goodwillfinds.com//electronics/cameras-and-photography/film-and-polaroid-cameras/canon-a-1-35mm-slr-film-camera/10013-0001-47405.html
canon,Canon Electronic Flash Speedlite 580EX II IOB,99.99,N/A,https://www.goodwillfinds.com//electronics/cameras-and-photography/accessories/canon-electronic-flash-speedlite-580ex-ii-iob/10013-0001-0141.html
canon,Canon 10x30 Image Stabilizer Binoculars w/ Case,284.75,N/A,https://www.goodwillfinds.com//electronics/cameras-and-photography/accessories/canon-10x30-image-stabilizer-binoculars-w%2F-case/10011-0000-505829.html
canon,Canon FD 135mm f/2.5 S.C. MF Lens,84.99,N/A,https://www.goodwillfinds.com//electronics/cameras-and-photography/accessories/canon-fd-135mm-f%2F2.5-s.c.-mf-lens/10013-0001-33979.html
canon,Canon FS200 Camcorder (For Parts or Repair),19.99,N/A,https://www.goodwillfinds.com//electronics/cameras-and-photography/camcorders/canon-fs200-camcorder-for-parts-or-repair/10014-0001-25866.html
canon,Canon Zoom Lens EF 75-300mm 1:4-5.6,80.0,N/A,https://www.goodwillfinds.com//electronics/cameras-and-photography/accessories/canon-zoom-lens-ef-75-300mm-14-5.6/10011-0001-11862.html
canon,Canon PowerShot S5 IS 8.0MP Digital Camera,54.99,N/A,https://www.goodwillfinds.com//electronics/cameras-and-photography/digital-cameras/canon-powershot-s5-is-8.0mp-digital-camera/10014-0001-18361.html
canon,Canon EOS Rebel T2 Camera w/ Lenses,60.0,N/A,https://www.goodwillfinds.com//electronics/cameras-and-photography/film-and-polaroid-cameras/canon-eos-rebel-t2-camera-w%2F-lenses/10011-0001-15414.html
canon,Canon Canonet G III QL17 Film Camera,112.49,N/A,https://www.goodwillfinds.com//electronics/cameras-and-photography/film-and-polaroid-cameras/canon-canonet-g-iii-ql17-film-camera/10013-0001-32546.html
canon,Canon Photura Caption 35mm Point & Shoot Camera,19.99,N/A,https://www.goodwillfinds.com//electronics/cameras-and-photography/film-and-polaroid-cameras/canon-photura-caption-35mm-point-and-shoot-camera/10014-0001-24525.html
canon,Canon Sure Shot WP-1 Point & Shoot Camera,119.99,N/A,https://www.goodwillfinds.com//electronics/cameras-and-photography/film-and-polaroid-cameras/canon-sure-shot-wp-1-point-and-shoot-camera/10014-0001-25897.html
canon,Canon EOS Rebel XS 35mm SLR Camera,39.99,N/A,https://www.goodwillfinds.com//electronics/cameras-and-photography/film-and-polaroid-cameras/canon-eos-rebel-xs-35mm-slr-camera/10014-0001-23814.html
canon,Canon EOS Rebel G 35mm Film Camera,26.99,N/A,https://www.goodwillfinds.com//electronics/cameras-and-photography/film-and-polaroid-cameras/canon-eos-rebel-g-35mm-film-camera/10013-0001-39055.html
canon,Canon FD 24mm 1:2 Camera Lens,287.99,"Discount:
(5% OFF)",https://www.goodwillfinds.com//electronics/cameras-and-photography/accessories/canon-fd-24mm-12-camera-lens/10014-0001-1588.html
canon,Canon FD 100mm 1:2.8 Camera Lens,80.99,"Discount:
(5% OFF)",https://www.goodwillfinds.com//electronics/cameras-and-photography/accessories/canon-fd-100mm-12.8-camera-lens/10014-0001-1309.html
canon,Canon VIXIA HF G10 HD 32GB Camcorder,284.99,"Discount:
(5% OFF)",https://www.goodwillfinds.com//electronics/cameras-and-photography/camcorders/canon-vixia-hf-g10-hd-32gb-camcorder/10014-0001-8147.html
canon,Canon D50 DSLR Digital Camera Body P&R,50.99,"Discount:
(15% OFF)",https://www.goodwillfinds.com//electronics/cameras-and-photography/digital-cameras/canon-d50-dslr-digital-camera-body-pandr/10013-0000-13392.html
canon,Canon PowerShot SX530 HS 16.0MP Digital Camera,103.49,"Discount:
(5% OFF)",https://www.goodwillfinds.com//electronics/cameras-and-photography/digital-cameras/canon-powershot-sx530-hs-16.0mp-digital-camera/10014-0001-0327.html
canon,Canon VIXIA HF R40 8GB HD Camcorder,84.99,N/A,https://www.goodwillfinds.com//electronics/cameras-and-photography/camcorders/canon-vixia-hf-r40-8gb-hd-camcorder/10014-0001-31047.html
canon,Canon VIXIA HF R52 32GB HD Camcorder,99.99,N/A,https://www.goodwillfinds.com//electronics/cameras-and-photography/camcorders/canon-vixia-hf-r52-32gb-hd-camcorder/10014-0001-33536.html
canon,Canon AE-1 35mm SLR Camera with Lens,132.99,"Discount:
(5% OFF)",https://www.goodwillfinds.com//electronics/cameras-and-photography/film-and-polaroid-cameras/canon-ae-1-35mm-slr-camera-with-lens/10014-0001-14053.html
canon,Canon T50 35mm SLR Camera with Lens,28.49,"Discount:
(5% OFF)",https://www.goodwillfinds.com//electronics/cameras-and-photography/film-and-polaroid-cameras/canon-t50-35mm-slr-camera-with-lens/10014-0001-14047.html
canon,Canon Sure Shot 35mm Point & Shoot Camera,75.99,"Discount:
(5% OFF)",https://www.goodwillfinds.com//electronics/cameras-and-photography/film-and-polaroid-cameras/canon-sure-shot-35mm-point-and-shoot-camera/10014-0001-10520.html
canon,Canon Sure Shot 35mm Point & Shoot Camera,42.74,"Discount:
(5% OFF)",https://www.goodwillfinds.com//electronics/cameras-and-photography/film-and-polaroid-cameras/canon-sure-shot-35mm-point-and-shoot-camera/10014-0001-13603.html
canon,Not Tested Canon AiAF PowerShot A75 Camera,36.99,N/A,https://www.goodwillfinds.com//electronics/cameras-and-photography/digital-cameras/not-tested-canon-aiaf-powershot-a75-camera/10015-0001-1111.html
canon,Canon PowerShot SX150 IS 14.1MP Digital Camera,49.99,N/A,https://www.goodwillfinds.com//electronics/cameras-and-photography/digital-cameras/canon-powershot-sx150-is-14.1mp-digital-camera/10014-0001-33596.html
canon,Canon YH17x7KRS12U YH17x7 7-119mm BCTV Zoom Lens,23.65,"Discount:
(15% OFF)",https://www.goodwillfinds.com//electronics/cameras-and-photography/accessories/canon-yh17x7krs12u-yh17x7-7-119mm-bctv-zoom-lens/10014-0000-303887.html
canon,"Canon Compact Photo Printer, SELPHY CD740 Untested",26.77,"Discount:
(4% OFF)",https://www.goodwillfinds.com//electronics/computers-and-tablets/accessories/canon-compact-photo-printer%2C-selphy-cd740-untested/10012-0000-229099.html
canon,Canon EOS Rebel T2 SLR Film Camera,40.0,N/A,https://www.goodwillfinds.com//electronics/cameras-and-photography/film-and-polaroid-cameras/canon-eos-rebel-t2-slr-film-camera/10011-0001-17773.html
canon,Vintage Canon AE-1 SLR Camera w/ Accessories,161.49,"Discount:
(5% OFF)",https://www.goodwillfinds.com//electronics/cameras-and-photography/film-and-polaroid-cameras/vintage-canon-ae-1-slr-camera-w%2F-accessories/10014-0001-12922.html
canon,Vintage Canon AE-1 SLR Camera w/ Accessories,161.49,"Discount:
(5% OFF)",https://www.goodwillfinds.com//electronics/cameras-and-photography/film-and-polaroid-cameras/vintage-canon-ae-1-slr-camera-w%2F-accessories/10014-0001-12932.html
canon,Canon HG10 2.96MP 40GB HD Camcorder w/ Accessories,99.99,N/A,https://www.goodwillfinds.com//electronics/cameras-and-photography/camcorders/canon-hg10-2.96mp-40gb-hd-camcorder-w%2F-accessories/10014-0001-22229.html
canon,Canon 3ccD Digital Video Camcorder GL1 NTSC - Untested,149.99,N/A,https://www.goodwillfinds.com//electronics/cameras-and-photography/accessories/canon-3ccd-digital-video-camcorder-gl1-ntsc---untested/10012-0001-5769.html
canon,CANON ZR70 MC Mini DV Digital Camcorder UNTESTED,25.49,N/A,https://www.goodwillfinds.com//electronics/cameras-and-photography/camcorders/canon-zr70-mc-mini-dv-digital-camcorder-untested/10012-0000-248559.html
canon,Canon E06A Canonvision 8 8mm Video Camera & Recorder,32.99,N/A,https://www.goodwillfinds.com//electronics/cameras-and-photography/camcorders/canon-e06a-canonvision-8-8mm-video-camera-and-recorder/10011-0001-13888.html
canon,Canon EF-S Zoom 18-55mm f/3.5-5.6 Camera Lens,29.99,N/A,https://www.goodwillfinds.com//electronics/cameras-and-photography/accessories/canon-ef-s-zoom-18-55mm-f%2F3.5-5.6-camera-lens/10014-0001-22219.html
canon,Canon PowerShot SX50 HS 12.1MP Digital Bridge Camera,139.99,N/A,https://www.goodwillfinds.com//electronics/cameras-and-photography/digital-cameras/canon-powershot-sx50-hs-12.1mp-digital-bridge-camera/10014-0001-10242.html
canon,Canon EOS Rebel XSi Digital SLR Camera DS126181,79.99,"Discount:
(20% OFF)",https://www.goodwillfinds.com//electronics/cameras-and-photography/digital-cameras/canon-eos-rebel-xsi-digital-slr-camera-ds126181/10011-0000-559432.html
canon,Canon Power Shot S5IS Digital Camera PC1234 in Case,75.0,N/A,https://www.goodwillfinds.com//electronics/cameras-and-photography/digital-cameras/canon-power-shot-s5is-digital-camera-pc1234-in-case/10011-0001-9555.html
canon,Canon EOS Digital Rebel DS6041 (Camera Body Only),22.99,N/A,https://www.goodwillfinds.com//electronics/cameras-and-photography/digital-cameras/canon-eos-digital-rebel-ds6041-camera-body-only/10011-0001-14591.html
canon,Canon PowerShot SD940 IS 12.1MP Digital ELPH Camera,109.99,N/A,https://www.goodwillfinds.com//electronics/cameras-and-photography/digital-cameras/canon-powershot-sd940-is-12.1mp-digital-elph-camera/10014-0001-24744.html
canon,Canon PowerShot SD780 IS 12.1MP Digital ELPH Camera,99.99,N/A,https://www.goodwillfinds.com//electronics/cameras-and-photography/digital-cameras/canon-powershot-sd780-is-12.1mp-digital-elph-camera/10014-0001-15139.html
canon,Canon EOS Rebel 35mm Film Camera w/ Accessories,49.99,N/A,https://www.goodwillfinds.com//electronics/cameras-and-photography/film-and-polaroid-cameras/canon-eos-rebel-35mm-film-camera-w%2F-accessories/10013-0001-0618.html
canon,Canon AT-1 SLR 35mm Film Camera With Lens,116.99,N/A,https://www.goodwillfinds.com//electronics/cameras-and-photography/film-and-polaroid-cameras/canon-at-1-slr-35mm-film-camera-with-lens/10013-0001-33638.html
canon,Canon EOS 630 35mm SLR Camera with Lens,79.99,N/A,https://www.goodwillfinds.com//electronics/cameras-and-photography/film-and-polaroid-cameras/canon-eos-630-35mm-slr-camera-with-lens/10014-0001-23511.html
canon,Canon EOS Rebel S 2 35mm Film Camera,24.99,N/A,https://www.goodwillfinds.com//electronics/cameras-and-photography/film-and-polaroid-cameras/canon-eos-rebel-s-2-35mm-film-camera/10013-0001-0086.html
canon,Canon Canonet G III QL17 35mm Film Camera,99.99,N/A,https://www.goodwillfinds.com//electronics/cameras-and-photography/film-and-polaroid-cameras/canon-canonet-g-iii-ql17-35mm-film-camera/10013-0001-1623.html
canon,Canon EFS 18-55mm 1:3.5-5.6 Zoom Camera Lens,26.0,"Discount:
(11% OFF)",https://www.goodwillfinds.com//electronics/cameras-and-photography/accessories/canon-efs-18-55mm-13.5-5.6-zoom-camera-lens/10014-0000-326990.html
canon,Canon FD 35-70mm 1:4 Zoom Camera Lens,44.99,"Discount:
(5% OFF)",https://www.goodwillfinds.com//electronics/cameras-and-photography/accessories/canon-fd-35-70mm-14-zoom-camera-lens/10014-0001-2024.html
canon,Canon FD 85mm 1:1.8 Portrait Camera Lens,206.99,"Discount:
(5% OFF)",https://www.goodwillfinds.com//electronics/cameras-and-photography/accessories/canon-fd-85mm-11.8-portrait-camera-lens/10014-0001-1308.html
canon,Canon FD 200mm 1:4 S.S.C. Camera Lens,47.49,"Discount:
(5% OFF)",https://www.goodwillfinds.com//electronics/cameras-and-photography/accessories/canon-fd-200mm-14-s.s.c.-camera-lens/10014-0001-13581.html
canon,Canon Zoom FD 75-200MM 1:4.5 Camera Lens,33.24,"Discount:
(5% OFF)",https://www.goodwillfinds.com//electronics/cameras-and-photography/accessories/canon-zoom-fd-75-200mm-14.5-camera-lens/10014-0001-9096.html
canon,Canon FD 100mm 1:2.8 Portrait Camera Lens,94.99,"Discount:
(5% OFF)",https://www.goodwillfinds.com//electronics/cameras-and-photography/accessories/canon-fd-100mm-12.8-portrait-camera-lens/10014-0001-13399.html
canon,Canon Pixma | MG6821 | CYMK Wireless Print-Copy-Scanner,23.74,"Discount:
(5% OFF)",https://www.goodwillfinds.com//electronics/computers-and-tablets/accessories/canon-pixma-mg6821-cymk-wireless-print-copy-scanner/10012-0001-3381.html
mamiya,Auto Mamiya/Sekor SX 50mm F2 M42 Screw Mount Camera Lens,28.49,"Discount:
(5% OFF)",https://www.goodwillfinds.com//electronics/cameras-and-photography/accessories/auto-mamiya%2Fsekor-sx-50mm-f2-m42-screw-mount-camera-lens/10014-0001-14468.html
mamiya,Mamiya RZ67 Pro Winder II Motor Drive _ Untested,42.0,N/A,https://www.goodwillfinds.com//electronics/computers-and-tablets/accessories/mamiya-rz67-pro-winder-ii-motor-drive-_-untested/10012-0001-5768.html
mamiya,Mamiya/Sekor 1000 DTL SLR Camera Body For Parts/Repair,25.5,N/A,https://www.goodwillfinds.com//electronics/cameras-and-photography/film-and-polaroid-cameras/mamiya%2Fsekor-1000-dtl-slr-camera-body-for-parts%2Frepair/10012-0000-233103.html
mamiya,Mamiya Super Deluxe 35mm Film Camera W/ 48mm Lens & Case,84.99,"Discount:
(15% OFF)",https://www.goodwillfinds.com//electronics/cameras-and-photography/film-and-polaroid-cameras/mamiya-super-deluxe-35mm-film-camera-w%2F-48mm-lens-and-case/10013-0000-320762.html
mamiya,Mamiya MSX 1000 SLR 35mm Film Camera W/ 50mm Lens,42.49,"Discount:
(15% OFF)",https://www.goodwillfinds.com//electronics/cameras-and-photography/film-and-polaroid-cameras/mamiya-msx-1000-slr-35mm-film-camera-w%2F-50mm-lens/10013-0000-340548.html
mamiya,Auto Mamiya Sekor Zoom ES 90=230mm f14.5 SLR Camera Lens,84.99,"Discount:
(15% OFF)",https://www.goodwillfinds.com//electronics/cameras-and-photography/accessories/auto-mamiya-sekor-zoom-es-90230mm-f14.5-slr-camera-lens/10013-0000-123982.html
mamiya,Vintage Mamiya/Sekor 500 TL 35mm Film Camera with 50mm f/2 Lens,38.24,"Discount:
(4% OFF)",https://www.goodwillfinds.com//electronics/cameras-and-photography/film-and-polaroid-cameras/vintage-mamiya%2Fsekor-500-tl-35mm-film-camera-with-50mm-f%2F2-lens/10012-0000-230140.html
mamiya,Tour Edge Bazooka HT Max Draw 12ยฐ Driver UST Mamiya 65 Series Graphite RH,39.99,N/A,https://www.goodwillfinds.com//sports-equipment/tour-edge-bazooka-ht-max-draw-12%C2%B0-driver-ust-mamiya-65-series-graphite-rh/10013-0001-30804.html
